<?xml version="1.0" encoding="ISO-8859-1"?>
<root>
	<item id="spacecss"><![CDATA[]]></item>
	<item id="layoutdata">
		<item id="diynavtop"><![CDATA[]]></item>
		<item id="diy1"><![CDATA[]]></item>
		<item id="elec_topinfo"><![CDATA[]]></item>
		<item id="elec_forum_bt"><![CDATA[]]></item>
		<item id="elec_topr"><![CDATA[]]></item>
		<item id="diyfastposttop"><![CDATA[]]></item>
		<item id=""><![CDATA[]]></item>
		<item id="diy01"><![CDATA[]]></item>
		<item id="elecsideads">
			<item id="frame`framequlOnU">
				<item id="attr">
					<item id="name"><![CDATA[framequlOnU]]></item>
					<item id="moveable"><![CDATA[true]]></item>
					<item id="className"><![CDATA[frame move-span cl frame-1]]></item>
					<item id="titles"><![CDATA[]]></item>
				</item>
				<item id="column`framequlOnU_left">
					<item id="attr">
						<item id="name"><![CDATA[framequlOnU_left]]></item>
						<item id="className"><![CDATA[column frame-1-c]]></item>
					</item>
					<item id="block`portal_block_2792">
						<item id="attr">
							<item id="name"><![CDATA[portal_block_2792]]></item>
							<item id="className"><![CDATA[block move-span]]></item>
							<item id="titles"><![CDATA[]]></item>
						</item>
					</item>
				</item>
			</item>
		</item>
		<item id="elec_tuijian">
			<item id="frame`frameZPz0W0">
				<item id="attr">
					<item id="name"><![CDATA[frameZPz0W0]]></item>
					<item id="moveable"><![CDATA[true]]></item>
					<item id="className"><![CDATA[frame move-span cl frame-1]]></item>
					<item id="titles"><![CDATA[]]></item>
				</item>
				<item id="column`frameZPz0W0_left">
					<item id="attr">
						<item id="name"><![CDATA[frameZPz0W0_left]]></item>
						<item id="className"><![CDATA[column frame-1-c]]></item>
					</item>
					<item id="block`portal_block_2799">
						<item id="attr">
							<item id="name"><![CDATA[portal_block_2799]]></item>
							<item id="className"><![CDATA[block move-span]]></item>
							<item id="titles"><![CDATA[]]></item>
						</item>
					</item>
				</item>
			</item>
		</item>
		<item id="diy3"><![CDATA[]]></item>
	</item>
	<item id="blockdata">
		<item id="block">
			<item id="2792">
				<item id="bid"><![CDATA[2792]]></item>
				<item id="blockclass"><![CDATA[html_html]]></item>
				<item id="blocktype"><![CDATA[0]]></item>
				<item id="name"><![CDATA[ads]]></item>
				<item id="title"><![CDATA[]]></item>
				<item id="classname"><![CDATA[]]></item>
				<item id="summary"><![CDATA[<a href="#" target="_blank"><img src="template/elec_201701_hx_dingzhi/style/ad/ad.png" /><i>广告</i></a>]]></item>
				<item id="uid"><![CDATA[1]]></item>
				<item id="username"><![CDATA[admin]]></item>
				<item id="styleid"><![CDATA[0]]></item>
				<item id="blockstyle"><![CDATA[]]></item>
				<item id="picwidth"><![CDATA[0]]></item>
				<item id="picheight"><![CDATA[0]]></item>
				<item id="target"><![CDATA[blank]]></item>
				<item id="dateformat"><![CDATA[Y-m-d]]></item>
				<item id="dateuformat"><![CDATA[0]]></item>
				<item id="script"><![CDATA[blank]]></item>
				<item id="param">
					<item id="content"><![CDATA[<a href=\"#\" target=\"_blank\"><img src=\"template/elec_201701_hx_dingzhi/style/ad/ad.png\" /><i>广告</i></a>]]></item>
					<item id="items"><![CDATA[10]]></item>
				</item>
				<item id="shownum"><![CDATA[10]]></item>
				<item id="cachetime"><![CDATA[0]]></item>
				<item id="cachetimerange"><![CDATA[0,0]]></item>
				<item id="punctualupdate"><![CDATA[0]]></item>
				<item id="hidedisplay"><![CDATA[0]]></item>
				<item id="dateline"><![CDATA[1500978701]]></item>
				<item id="notinherited"><![CDATA[0]]></item>
				<item id="isblank"><![CDATA[0]]></item>
			</item>
			<item id="2799">
				<item id="bid"><![CDATA[2799]]></item>
				<item id="blockclass"><![CDATA[forum_thread]]></item>
				<item id="blocktype"><![CDATA[0]]></item>
				<item id="name"><![CDATA[话题]]></item>
				<item id="title"><![CDATA[]]></item>
				<item id="classname"><![CDATA[]]></item>
				<item id="summary"><![CDATA[]]></item>
				<item id="uid"><![CDATA[1]]></item>
				<item id="username"><![CDATA[admin]]></item>
				<item id="styleid"><![CDATA[0]]></item>
				<item id="blockstyle">
					<item id="name"><![CDATA[]]></item>
					<item id="blockclass"><![CDATA[forum_thread]]></item>
					<item id="makethumb"><![CDATA[1]]></item>
					<item id="getpic"><![CDATA[1]]></item>
					<item id="getsummary"><![CDATA[1]]></item>
					<item id="settarget"><![CDATA[0]]></item>
					<item id="moreurl"><![CDATA[0]]></item>
					<item id="fields">
						<item id="0"><![CDATA[forumurl]]></item>
						<item id="1"><![CDATA[forumname]]></item>
						<item id="2"><![CDATA[url]]></item>
						<item id="3"><![CDATA[pic]]></item>
						<item id="4"><![CDATA[title]]></item>
						<item id="5"><![CDATA[summary]]></item>
					</item>
					<item id="template">
						<item id="raw"><![CDATA[<div class="todayNews cl" style="margin-top: 15px;">
<div class="columnR">
        <div class="topic_view">
           [index=1]

					<a href="{forumurl}" target="_blank"><span class="label">{forumname}</span></a>
					<a href="{url}" target="_blank"><img src="{pic}" alt="{title}" width="{picwidth}" height="{picheight}"></a>                
					<div class="border_arrow"></div>
                    [/index]
				</div>
				<div class="topic_list nper">
					<ul>
                    [index=2]
						<li>
							<a href="{url}" target="_blank"><div class="nper_num">
								<span class="num">1005</span>
								<p>期</p>
							</div>
							<div class="nper_title">
								<h1 class="tit1">{title}</h1>
								<p class="content">{summary}...</p>
							</div></a>
						</li>
                        [/index]
						[index=3]
						<li>
							<a href="{url}" target="_blank"><div class="nper_num">
								<span class="num">1004</span>
								<p>期</p>
							</div>
							<div class="nper_title">
								<h1 class="tit1">{title}</h1>
								<p class="content">{summary}...</p>
							</div></a>
						</li>
                        [/index]
                        [index=4]
						<li>
							<a href="{url}" target="_blank"><div class="nper_num">
								<span class="num">1003</span>
								<p>期</p>
							</div>
							<div class="nper_title">
								<h1 class="tit1">{title}</h1>
								<p class="content">{summary}...</p>
							</div></a>
						</li>
                        [/index]
					</ul>
				</div>
			</div>
</div>]]></item>
						<item id="footer"><![CDATA[]]></item>
						<item id="header"><![CDATA[]]></item>
						<item id="indexplus">
						</item>
						<item id="index">
							<item id="1"><![CDATA[<a href="{forumurl}" target="_blank"><span class="label">{forumname}</span></a>
					<a href="{url}" target="_blank"><img src="{pic}" alt="{title}" width="{picwidth}" height="{picheight}"></a>                
					<div class="border_arrow"></div>]]></item>
							<item id="2"><![CDATA[<li>
							<a href="{url}" target="_blank"><div class="nper_num">
								<span class="num">1005</span>
								<p>期</p>
							</div>
							<div class="nper_title">
								<h1 class="tit1">{title}</h1>
								<p class="content">{summary}...</p>
							</div></a>
						</li>]]></item>
							<item id="3"><![CDATA[<li>
							<a href="{url}" target="_blank"><div class="nper_num">
								<span class="num">1004</span>
								<p>期</p>
							</div>
							<div class="nper_title">
								<h1 class="tit1">{title}</h1>
								<p class="content">{summary}...</p>
							</div></a>
						</li>]]></item>
							<item id="4"><![CDATA[<li>
							<a href="{url}" target="_blank"><div class="nper_num">
								<span class="num">1003</span>
								<p>期</p>
							</div>
							<div class="nper_title">
								<h1 class="tit1">{title}</h1>
								<p class="content">{summary}...</p>
							</div></a>
						</li>]]></item>
						</item>
						<item id="orderplus">
						</item>
						<item id="order">
						</item>
						<item id="loopplus">
						</item>
						<item id="loop">
						</item>
					</item>
					<item id="hash"><![CDATA[48c21f73]]></item>
				</item>
				<item id="picwidth"><![CDATA[306]]></item>
				<item id="picheight"><![CDATA[220]]></item>
				<item id="target"><![CDATA[blank]]></item>
				<item id="dateformat"><![CDATA[Y-m-d]]></item>
				<item id="dateuformat"><![CDATA[0]]></item>
				<item id="script"><![CDATA[thread]]></item>
				<item id="param">
					<item id="tids"><![CDATA[]]></item>
					<item id="uids"><![CDATA[]]></item>
					<item id="keyword"><![CDATA[]]></item>
					<item id="tagkeyword"><![CDATA[]]></item>
					<item id="typeids"><![CDATA[]]></item>
					<item id="recommend"><![CDATA[0]]></item>
					<item id="special">
						<item id="0"><![CDATA[0]]></item>
					</item>
					<item id="viewmod"><![CDATA[0]]></item>
					<item id="rewardstatus"><![CDATA[0]]></item>
					<item id="picrequired"><![CDATA[1]]></item>
					<item id="orderby"><![CDATA[lastpost]]></item>
					<item id="postdateline"><![CDATA[0]]></item>
					<item id="lastpost"><![CDATA[0]]></item>
					<item id="highlight"><![CDATA[0]]></item>
					<item id="titlelength"><![CDATA[60]]></item>
					<item id="summarylength"><![CDATA[80]]></item>
					<item id="startrow"><![CDATA[1]]></item>
					<item id="items"><![CDATA[4]]></item>
				</item>
				<item id="shownum"><![CDATA[4]]></item>
				<item id="cachetime"><![CDATA[3600]]></item>
				<item id="cachetimerange"><![CDATA[]]></item>
				<item id="punctualupdate"><![CDATA[0]]></item>
				<item id="hidedisplay"><![CDATA[0]]></item>
				<item id="dateline"><![CDATA[1501139089]]></item>
				<item id="notinherited"><![CDATA[0]]></item>
				<item id="isblank"><![CDATA[0]]></item>
			</item>
		</item>
		<item id="style">
		</item>
	</item>
</root>
