<?xml version="1.0" encoding="ISO-8859-1"?>
<root>
	<item id="spacecss"><![CDATA[]]></item>
	<item id="layoutdata">
		<item id="diy2">
			<item id="frame`framei58ovi">
				<item id="attr">
					<item id="name"><![CDATA[framei58ovi]]></item>
					<item id="moveable"><![CDATA[true]]></item>
					<item id="className"><![CDATA[frame move-span cl frame-1]]></item>
					<item id="titles"><![CDATA[]]></item>
				</item>
				<item id="column`framei58ovi_left">
					<item id="attr">
						<item id="name"><![CDATA[framei58ovi_left]]></item>
						<item id="className"><![CDATA[column frame-1-c]]></item>
					</item>
					<item id="block`portal_block_2869">
						<item id="attr">
							<item id="name"><![CDATA[portal_block_2869]]></item>
							<item id="className"><![CDATA[block move-span]]></item>
							<item id="titles"><![CDATA[]]></item>
						</item>
					</item>
				</item>
			</item>
		</item>
	</item>
	<item id="blockdata">
		<item id="block">
			<item id="2869">
				<item id="bid"><![CDATA[2869]]></item>
				<item id="blockclass"><![CDATA[forum_thread]]></item>
				<item id="blocktype"><![CDATA[0]]></item>
				<item id="name"><![CDATA[上榜]]></item>
				<item id="title"><![CDATA[]]></item>
				<item id="classname"><![CDATA[]]></item>
				<item id="summary"><![CDATA[]]></item>
				<item id="uid"><![CDATA[1]]></item>
				<item id="username"><![CDATA[admin]]></item>
				<item id="styleid"><![CDATA[0]]></item>
				<item id="blockstyle">
					<item id="name"><![CDATA[]]></item>
					<item id="blockclass"><![CDATA[forum_thread]]></item>
					<item id="makethumb"><![CDATA[0]]></item>
					<item id="getpic"><![CDATA[0]]></item>
					<item id="getsummary"><![CDATA[1]]></item>
					<item id="settarget"><![CDATA[0]]></item>
					<item id="moreurl"><![CDATA[0]]></item>
					<item id="fields">
						<item id="0"><![CDATA[title]]></item>
						<item id="1"><![CDATA[summary]]></item>
						<item id="2"><![CDATA[url]]></item>
						<item id="3"><![CDATA[dateline]]></item>
						<item id="4"><![CDATA[views]]></item>
					</item>
					<item id="template">
						<item id="raw"><![CDATA[<div class="box-moder moder-story-list cl" style="margin: 0;">
  <h3><span class="span-mark span-mark2"></span><b>社区热门</b><span class="pull-right project-more story-more">
  <a href="#" class="transition" target="_blank">全部</a></span></h3>
 <div class="story-box-warp cl">
  <div class="nano has-scrollbar cl">
    <div class="overthrow nano-content description" style="right: -17px;">
      <ul class="box-list">
       [loop]
        <li>
          <div class="story-content">
            <div class="cover_box cl">
            <div class="story-title">
              <p class="transition"><span class="icon icon-caret"></span>{title}</p>
            </div>
            <div class="story-info">
              <p class="story-detail-hide">{summary}...</p>
              <p class="story-detail"><a href="{url}" target="_blank" class="transition">详情>></a></p>
              <div class="story-time">
                <p class="time">{dateline}<span class="date_1" style="float: right;">{views}</span></p>
                <div class="clear"></div>
              </div>
            </div>
            </div>
            <div class="story-time">
              <p class="time">{dateline}</p>
              <div class="clear"></div>
            </div>
          </div>
        </li>
       [/loop]
      </ul>
    </div>
    <div class="nano-pane"><div class="nano-slider" style="height: 177px; transform: translate(0px, 0px);"></div></div>
  </div>
</div>
</div>]]></item>
						<item id="footer"><![CDATA[]]></item>
						<item id="header"><![CDATA[]]></item>
						<item id="indexplus"><![CDATA[
						]]></item>
						<item id="index"><![CDATA[
						]]></item>
						<item id="orderplus"><![CDATA[
						]]></item>
						<item id="order"><![CDATA[
						]]></item>
						<item id="loopplus"><![CDATA[
						]]></item>
						<item id="loop"><![CDATA[<li>
          <div class="story-content">
            <div class="cover_box cl">
            <div class="story-title">
              <p class="transition"><span class="icon icon-caret"></span>{title}</p>
            </div>
            <div class="story-info">
              <p class="story-detail-hide">{summary}...</p>
              <p class="story-detail"><a href="{url}" target="_blank" class="transition">详情>></a></p>
              <div class="story-time">
                <p class="time">{dateline}<span class="date_1" style="float: right;">{views}</span></p>
                <div class="clear"></div>
              </div>
            </div>
            </div>
            <div class="story-time">
              <p class="time">{dateline}</p>
              <div class="clear"></div>
            </div>
          </div>
        </li>]]></item>
					</item>
					<item id="hash"><![CDATA[1777b220]]></item>
				</item>
				<item id="picwidth"><![CDATA[0]]></item>
				<item id="picheight"><![CDATA[0]]></item>
				<item id="target"><![CDATA[blank]]></item>
				<item id="dateformat"><![CDATA[Y-m-d]]></item>
				<item id="dateuformat"><![CDATA[0]]></item>
				<item id="script"><![CDATA[thread]]></item>
				<item id="param">
					<item id="tids"><![CDATA[]]></item>
					<item id="uids"><![CDATA[]]></item>
					<item id="keyword"><![CDATA[]]></item>
					<item id="tagkeyword"><![CDATA[]]></item>
					<item id="typeids"><![CDATA[]]></item>
					<item id="recommend"><![CDATA[0]]></item>
					<item id="viewmod"><![CDATA[0]]></item>
					<item id="rewardstatus"><![CDATA[0]]></item>
					<item id="picrequired"><![CDATA[0]]></item>
					<item id="orderby"><![CDATA[lastpost]]></item>
					<item id="postdateline"><![CDATA[0]]></item>
					<item id="lastpost"><![CDATA[0]]></item>
					<item id="highlight"><![CDATA[0]]></item>
					<item id="titlelength"><![CDATA[55]]></item>
					<item id="summarylength"><![CDATA[190]]></item>
					<item id="startrow"><![CDATA[0]]></item>
					<item id="items"><![CDATA[12]]></item>
				</item>
				<item id="shownum"><![CDATA[12]]></item>
				<item id="cachetime"><![CDATA[3600]]></item>
				<item id="cachetimerange"><![CDATA[]]></item>
				<item id="punctualupdate"><![CDATA[0]]></item>
				<item id="hidedisplay"><![CDATA[0]]></item>
				<item id="dateline"><![CDATA[1501742270]]></item>
				<item id="notinherited"><![CDATA[0]]></item>
				<item id="isblank"><![CDATA[0]]></item>
			</item>
		</item>
		<item id="style">
		</item>
	</item>
</root>
